Draw,Date,Winning Number 1,2,3,4,5,6,Bonus Number,Powerball
2603,2026-07-15,6,10,14,19,20,27,39,1
2602,2026-07-11,10,21,22,26,37,40,15,6
2601,2026-07-08,12,15,27,28,35,40,9,7
2600,2026-07-04,2,15,17,18,26,30,28,9
2599,2026-07-01,1,7,11,32,35,40,39,1
2598,2026-06-27,2,7,21,24,29,37,17,10
2597,2026-06-24,5,7,12,30,32,36,40,6
2596,2026-06-20,6,9,27,28,30,32,36,9
2595,2026-06-17,3,7,10,31,35,37,16,3
2594,2026-06-13,7,8,13,32,33,37,22,5
2593,2026-06-10,2,7,12,17,21,37,35,6
2592,2026-06-06,3,22,29,37,39,40,13,1
2591,2026-06-03,1,4,9,11,13,36,24,9
2590,2026-05-30,8,10,29,35,36,39,3,3
2589,2026-05-27,6,17,19,21,27,32,28,10
2588,2026-05-23,5,11,22,24,34,36,10,1
2587,2026-05-20,8,10,12,14,20,23,40,6
2586,2026-05-16,6,8,13,17,34,36,28,5
2585,2026-05-13,2,5,6,12,14,28,34,6
2584,2026-05-09,3,10,12,18,26,32,36,5
2583,2026-05-06,3,4,16,22,24,34,38,10
2582,2026-05-02,14,15,17,25,29,30,13,3
2581,2026-04-29,7,9,12,21,31,33,26,1
2580,2026-04-25,1,9,14,24,26,32,15,2
2579,2026-04-22,1,6,11,19,28,34,4,5
2578,2026-04-18,1,2,9,19,21,34,24,6
2577,2026-04-15,5,12,29,32,33,40,17,5
2576,2026-04-11,8,22,24,25,29,38,3,4
2575,2026-04-08,7,14,16,29,32,35,12,1
2574,2026-04-04,1,9,25,30,38,40,22,4
2573,2026-04-01,1,2,24,25,30,38,39,1
2572,2026-03-28,5,12,19,27,30,38,14,3
2571,2026-03-25,13,22,27,31,34,37,14,10
2570,2026-03-21,11,12,17,22,28,32,4,3
2569,2026-03-18,3,18,28,30,33,36,23,6
2568,2026-03-14,4,9,10,12,15,21,38,10
2567,2026-03-11,7,12,22,32,35,38,11,4
2566,2026-03-07,5,27,30,31,32,33,7,4
2565,2026-03-04,6,7,14,29,37,39,11,10
2564,2026-02-28,2,17,20,23,26,39,40,1
2563,2026-02-25,8,13,20,24,33,35,5,7
2562,2026-02-21,4,10,14,21,37,38,26,3
2561,2026-02-18,2,4,8,17,24,34,29,1
2560,2026-02-14,2,7,11,19,28,31,5,1
2559,2026-02-11,6,15,18,23,26,29,16,9
2558,2026-02-07,11,21,24,26,35,36,34,8
2557,2026-02-04,13,18,19,20,36,37,16,6
2556,2026-01-31,2,14,16,23,34,35,20,3
2555,2026-01-28,6,9,10,15,22,25,18,5
2554,2026-01-24,1,3,13,16,21,40,38,3
2553,2026-01-21,3,9,10,13,14,40,39,6
2552,2026-01-17,11,22,23,31,33,36,24,9
2551,2026-01-14,11,24,25,28,35,40,27,10
2550,2026-01-10,5,9,15,21,31,40,25,8
2549,2026-01-07,6,8,13,16,22,24,14,3
2548,2026-01-03,1,5,7,8,10,26,9,4
2547,2025-12-31,1,3,11,23,26,33,39,10
2546,2025-12-27,2,14,19,23,26,27,7,3
2545,2025-12-24,2,17,18,23,28,33,31,7
2544,2025-12-20,2,14,17,19,31,33,9,1
2543,2025-12-17,4,8,15,18,22,27,3,6
2542,2025-12-13,7,10,18,21,24,39,34,4
2541,2025-12-10,5,6,13,27,31,32,3,4
2540,2025-12-06,4,17,29,31,35,37,33,7
2539,2025-12-03,3,9,24,30,38,40,34,2
2538,2025-11-29,8,11,19,29,33,37,3,3
2537,2025-11-26,4,5,9,21,32,34,3,1
2536,2025-11-22,2,6,10,12,28,30,22,8
2535,2025-11-19,2,10,18,25,29,31,21,3
2534,2025-11-15,2,5,14,19,28,38,29,6
2533,2025-11-12,4,10,18,19,27,30,32,8
2532,2025-11-08,2,4,13,22,24,28,35,8
2531,2025-11-05,3,4,9,25,29,40,20,3
2530,2025-11-01,4,5,7,9,26,35,13,10
2529,2025-10-29,4,13,14,24,30,33,38,2
2528,2025-10-25,3,20,22,24,36,37,19,5
2527,2025-10-22,3,9,12,15,31,37,39,6
2526,2025-10-18,10,20,26,32,33,37,29,2
2525,2025-10-15,12,14,15,17,38,40,19,5
2524,2025-10-11,7,11,24,37,39,40,4,7
2523,2025-10-08,5,11,17,30,32,34,15,3
2522,2025-10-04,14,17,24,25,27,32,28,7
2521,2025-10-01,2,10,22,27,32,38,33,10
2520,2025-09-27,6,10,15,17,19,35,14,5
2519,2025-09-24,10,20,24,26,31,36,12,5
2518,2025-09-20,9,13,21,22,23,32,27,1
2517,2025-09-17,6,12,14,20,33,37,3,2
2516,2025-09-13,8,14,21,32,34,40,25,1
2515,2025-09-10,13,14,18,26,27,35,19,8
2514,2025-09-06,6,17,18,27,32,40,39,9
2513,2025-09-03,1,2,4,10,28,38,40,2
2512,2025-08-30,4,9,13,15,33,40,1,4
2511,2025-08-27,9,12,13,14,21,32,28,2
2510,2025-08-23,13,16,17,24,25,31,38,8
2509,2025-08-20,7,11,12,16,27,37,26,9
2508,2025-08-16,6,28,33,34,38,39,40,10
2507,2025-08-13,9,10,15,22,27,35,25,10
2506,2025-08-09,6,11,19,21,33,35,27,3
2505,2025-08-06,1,10,11,12,14,20,24,10
2504,2025-08-02,3,19,28,29,31,40,2,9
2503,2025-07-30,5,10,27,28,33,38,40,6
2502,2025-07-26,9,18,29,30,34,37,21,6
2501,2025-07-23,4,9,14,20,24,26,38,7
2500,2025-07-19,4,6,12,16,33,37,39,3
2499,2025-07-16,8,19,26,28,31,33,2,5
2498,2025-07-12,8,13,17,18,20,29,38,1
2497,2025-07-09,20,28,32,36,38,39,24,7
2496,2025-07-05,6,9,14,20,25,32,18,4
2495,2025-07-02,3,4,6,26,27,40,7,9
2494,2025-06-28,2,10,21,22,31,34,20,10
2493,2025-06-25,6,11,16,20,35,40,31,10
2492,2025-06-21,3,11,19,20,27,35,31,7
2491,2025-06-18,6,11,23,28,32,33,19,6
2490,2025-06-14,1,2,7,13,23,34,9,6
2489,2025-06-11,5,9,11,16,18,32,3,1
2488,2025-06-07,2,6,11,16,22,34,8,4
2487,2025-06-04,6,9,10,11,14,35,30,10
2486,2025-05-31,1,2,29,32,34,35,21,5
2485,2025-05-28,1,10,15,18,25,40,20,7
2484,2025-05-24,1,7,27,29,36,38,12,2
2483,2025-05-21,3,5,6,24,27,37,17,10
2482,2025-05-17,2,6,15,19,22,25,5,7
2481,2025-05-14,1,6,8,21,27,28,12,9
2480,2025-05-10,4,14,17,22,27,35,31,6
2479,2025-05-07,9,11,13,18,26,36,25,7
2478,2025-05-03,1,11,13,21,22,23,28,10
2477,2025-04-30,1,12,14,20,24,38,10,4
2476,2025-04-26,2,5,11,13,23,40,4,9
2475,2025-04-23,10,19,22,24,31,40,37,1
2474,2025-04-19,1,4,9,11,23,29,2,3
2473,2025-04-16,4,9,10,25,32,39,28,6
2472,2025-04-12,10,13,15,22,23,32,35,2
2471,2025-04-09,8,14,15,21,24,33,34,1
2470,2025-04-05,3,21,27,37,38,39,18,5
2469,2025-04-02,14,25,26,29,33,40,20,7
2468,2025-03-29,4,11,14,15,21,36,24,6
2467,2025-03-26,8,12,18,22,29,31,17,10
2466,2025-03-22,5,6,12,19,24,26,3,9
2465,2025-03-19,1,4,13,25,26,27,16,6
2464,2025-03-15,4,10,12,27,29,36,31,6
2463,2025-03-12,1,9,25,29,31,33,27,7
2462,2025-03-08,5,11,12,23,38,39,1,6
2461,2025-03-05,6,9,11,14,17,33,10,6
2460,2025-03-01,2,17,20,22,27,30,21,8
2459,2025-02-26,11,21,22,23,29,38,2,4
2458,2025-02-22,4,8,10,16,23,33,34,10
2457,2025-02-19,11,13,18,21,24,38,1,5
2456,2025-02-15,5,13,14,16,21,37,23,3
2455,2025-02-12,2,10,28,31,33,34,29,8
2454,2025-02-08,1,7,9,12,15,33,10,3
2453,2025-02-05,1,5,11,18,21,37,13,5
2452,2025-02-01,1,4,24,30,34,39,36,8
2451,2025-01-29,1,3,15,16,27,40,20,5
2450,2025-01-25,1,9,17,23,34,38,25,6
2449,2025-01-22,1,5,10,16,20,25,28,6
2448,2025-01-18,12,13,21,26,34,38,14,3
2447,2025-01-15,3,9,20,34,37,40,19,8
2446,2025-01-11,7,10,13,22,37,40,17,6
2445,2025-01-08,14,15,20,32,33,34,13,9
2444,2025-01-04,2,16,20,28,31,36,11,6
2443,2025-01-01,8,16,17,21,23,27,32,5
2442,2024-12-28,2,9,19,26,30,36,13,4
2441,2024-12-25,6,13,15,18,29,31,26,2
2440,2024-12-21,2,3,9,21,24,33,11,8
2439,2024-12-18,3,13,14,23,31,35,32,1
2438,2024-12-14,10,14,17,21,24,32,4,10
2437,2024-12-11,18,19,25,32,35,39,9,10
2436,2024-12-07,3,7,16,24,27,29,13,9
2435,2024-12-04,6,7,17,20,23,35,39,6
2434,2024-11-30,3,10,17,25,27,28,11,1
2433,2024-11-27,12,17,25,27,28,39,5,10
2432,2024-11-23,3,17,22,27,29,40,9,8
2431,2024-11-20,7,15,20,30,38,40,16,5
2430,2024-11-16,3,5,12,19,28,39,7,7
2429,2024-11-13,3,11,29,30,32,38,23,2
2428,2024-11-09,2,12,13,16,18,28,21,7
2427,2024-11-06,7,17,30,31,38,40,14,2
2426,2024-11-02,5,13,21,29,33,39,23,10
2425,2024-10-30,10,22,24,25,31,36,39,1
2424,2024-10-26,1,10,17,25,26,28,19,5
2423,2024-10-23,12,17,21,28,30,32,36,10
2422,2024-10-19,2,15,20,21,26,30,5,1
2421,2024-10-16,5,6,11,17,18,40,19,4
2420,2024-10-12,10,11,20,24,28,33,23,1
2419,2024-10-09,1,3,10,24,32,38,7,3
2418,2024-10-05,2,3,11,12,30,36,6,6
2417,2024-10-02,10,12,22,28,31,39,17,8
2416,2024-09-28,12,16,24,28,34,35,32,8
2415,2024-09-25,2,3,5,17,27,30,10,10
2414,2024-09-21,10,12,19,21,25,36,34,6
2413,2024-09-18,1,5,8,19,34,37,13,3
2412,2024-09-14,3,15,18,22,31,32,27,10
2411,2024-09-11,3,10,15,19,22,26,4,8
2410,2024-09-07,2,4,8,9,33,40,17,8
2409,2024-09-04,9,16,28,31,35,36,24,2
2408,2024-08-31,8,14,16,24,34,39,4,2
2407,2024-08-28,1,4,20,31,35,37,13,9
2406,2024-08-24,5,10,14,19,25,38,34,3
2405,2024-08-21,7,12,16,17,30,38,6,6
2404,2024-08-17,7,22,33,34,36,37,32,8
2403,2024-08-14,5,12,24,25,29,32,15,10
2402,2024-08-10,3,6,17,24,25,30,36,1
2401,2024-08-07,13,15,29,30,31,40,12,3
2400,2024-08-03,1,17,19,27,28,29,24,1
2399,2024-07-31,8,17,25,31,33,36,18,4
2398,2024-07-27,1,10,12,14,34,38,30,8
2397,2024-07-24,1,11,18,29,31,38,24,10
2396,2024-07-20,2,4,10,25,30,40,11,9
2395,2024-07-17,6,7,13,31,33,34,20,5
2394,2024-07-13,11,13,15,19,31,38,7,8
2393,2024-07-10,2,7,16,23,30,40,36,10
2392,2024-07-06,9,12,16,17,24,28,18,3
2391,2024-07-03,12,27,28,34,35,37,25,2
2390,2024-06-29,1,7,8,32,34,35,27,9
2389,2024-06-26,12,16,32,34,36,39,3,1
2388,2024-06-22,1,3,10,17,30,31,25,4
2387,2024-06-19,2,8,16,18,23,26,20,7
2386,2024-06-15,3,8,13,20,38,40,35,2
2385,2024-06-12,7,9,16,19,30,35,27,4
2384,2024-06-08,10,21,22,30,35,37,5,2
2383,2024-06-05,2,13,15,22,23,33,32,3
2382,2024-06-01,15,20,33,34,38,39,16,7
2381,2024-05-29,8,10,16,27,29,35,19,3
2380,2024-05-25,7,10,28,33,37,39,4,4
2379,2024-05-22,10,19,21,29,36,39,14,10
2378,2024-05-18,13,20,21,22,31,40,7,7
2377,2024-05-15,6,11,13,21,28,37,29,3
2376,2024-05-11,11,19,31,32,35,38,39,9
2375,2024-05-08,6,12,13,17,28,29,19,1
2374,2024-05-04,11,13,15,20,30,38,25,8
2373,2024-05-01,12,14,17,20,25,34,35,10
2372,2024-04-27,4,5,6,12,16,21,18,10
2371,2024-04-24,19,21,27,30,34,37,20,5
2370,2024-04-20,5,23,26,30,32,33,19,10
2369,2024-04-17,1,2,14,15,17,19,34,9
2368,2024-04-13,11,14,20,31,33,36,26,2
2367,2024-04-10,8,11,12,17,21,24,9,10
2366,2024-04-06,2,5,6,10,21,30,36,3
2365,2024-04-03,9,11,16,17,29,30,25,2
2364,2024-03-30,3,20,29,30,32,40,14,5
2363,2024-03-27,6,8,12,15,25,38,7,8
2362,2024-03-23,7,9,11,16,28,37,15,4
2361,2024-03-20,1,18,21,23,32,37,36,8
2360,2024-03-16,5,7,17,20,33,38,39,10
2359,2024-03-13,5,15,23,24,30,36,34,8
2358,2024-03-09,12,15,22,24,34,36,23,5
2357,2024-03-06,13,17,27,33,35,38,19,8
2356,2024-03-02,1,5,6,28,29,40,17,1
2355,2024-02-28,5,13,26,28,30,34,15,2
2354,2024-02-24,6,13,16,35,36,38,7,3
2353,2024-02-21,1,20,22,24,28,34,29,2
2352,2024-02-17,5,6,10,22,24,34,26,7
2351,2024-02-14,22,25,26,27,32,40,35,1
2350,2024-02-10,5,10,17,28,33,40,3,3
2349,2024-02-07,2,3,24,27,37,38,26,9
2348,2024-02-03,1,11,16,17,20,35,26,1
2347,2024-01-31,2,6,10,25,36,40,38,10
2346,2024-01-27,8,11,13,20,25,32,7,1
2345,2024-01-24,3,5,12,13,26,40,1,8
2344,2024-01-20,3,17,18,21,23,33,9,7
2343,2024-01-17,1,3,12,18,25,40,30,10
2342,2024-01-13,5,7,9,12,15,27,21,2
2341,2024-01-10,4,5,12,13,28,34,24,4
2340,2024-01-06,8,16,25,29,31,37,12,9
2339,2024-01-03,10,13,15,22,23,35,21,9
2338,2023-12-30,10,15,17,25,33,38,30,7
2337,2023-12-27,4,7,9,13,16,21,6,6
2336,2023-12-23,12,14,30,35,38,40,23,2
2335,2023-12-20,2,15,26,37,38,40,20,7
2334,2023-12-16,1,7,23,31,35,37,5,7
2333,2023-12-13,4,10,21,24,34,40,31,4
2332,2023-12-09,4,16,22,24,27,30,5,3
2331,2023-12-06,17,23,27,34,36,40,9,1
2330,2023-12-02,1,16,18,33,34,36,15,8
2329,2023-11-29,2,3,5,9,14,36,25,9
2328,2023-11-25,13,16,31,33,35,37,19,9
2327,2023-11-22,3,9,16,19,25,34,1,5
2326,2023-11-18,7,11,12,27,33,39,24,5
2325,2023-11-15,7,12,17,19,34,36,21,10
2324,2023-11-11,5,19,23,31,39,40,25,1
2323,2023-11-08,2,3,11,20,25,39,14,10
2322,2023-11-04,10,11,12,23,24,25,6,10
2321,2023-11-01,2,6,13,26,28,32,16,8
2320,2023-10-28,2,14,22,24,35,36,9,6
2319,2023-10-25,9,10,20,21,26,35,6,2
2318,2023-10-21,8,13,26,29,33,40,23,4
2317,2023-10-18,6,11,13,28,36,40,32,1
2316,2023-10-14,4,6,9,12,20,36,5,1
2315,2023-10-11,1,7,12,14,19,31,30,10
2314,2023-10-07,5,25,28,34,36,38,15,1
2313,2023-10-04,8,13,14,19,23,26,6,3
2312,2023-09-30,1,21,22,27,29,31,3,3
2311,2023-09-27,3,6,9,11,19,27,23,6
2310,2023-09-23,15,25,27,28,37,40,33,5
2309,2023-09-20,4,12,27,29,37,38,30,10
2308,2023-09-16,5,13,20,32,34,35,6,6
2307,2023-09-13,1,2,16,21,33,40,39,9
2306,2023-09-09,4,8,17,24,32,37,12,1
2305,2023-09-06,13,22,25,26,32,36,21,4
2304,2023-09-02,1,5,6,20,36,39,2,8
2303,2023-08-30,9,17,22,30,36,40,20,5
2302,2023-08-26,22,23,26,30,36,39,28,2
2301,2023-08-23,1,14,15,17,18,24,8,6
2300,2023-08-19,5,18,26,28,31,39,16,9
2299,2023-08-16,7,17,19,29,36,38,20,5
2298,2023-08-12,15,19,20,23,31,33,8,1
2297,2023-08-09,4,13,14,34,35,40,15,7
2296,2023-08-05,18,23,24,26,28,32,16,1
2295,2023-08-02,6,23,25,27,28,32,17,9
2294,2023-07-29,4,10,13,18,21,34,40,3
2293,2023-07-26,17,19,23,25,27,37,13,8
2292,2023-07-22,3,4,12,22,24,25,10,9
2291,2023-07-19,6,20,23,28,35,38,2,2
2290,2023-07-15,7,11,15,21,24,34,6,1
2289,2023-07-12,8,22,29,34,36,37,11,6
2288,2023-07-08,6,8,10,18,25,32,2,4
2287,2023-07-05,4,7,26,29,36,38,23,5
2286,2023-07-01,9,23,24,25,30,34,10,5
2285,2023-06-28,4,5,8,15,31,33,29,10
2284,2023-06-24,6,7,21,22,23,40,29,10
2283,2023-06-21,4,8,10,16,28,32,40,10
2282,2023-06-17,2,10,13,17,19,21,30,1
2281,2023-06-14,2,3,9,18,22,37,23,8
2280,2023-06-10,2,10,15,23,24,40,27,1
2279,2023-06-07,6,15,24,30,34,37,29,7
2278,2023-06-03,3,4,6,19,25,29,18,7
2277,2023-05-31,3,11,14,18,21,25,23,8
2276,2023-05-27,4,15,17,21,22,29,2,3
2275,2023-05-24,5,17,28,30,33,38,34,8
2274,2023-05-20,14,31,32,37,38,40,22,1
2273,2023-05-17,2,12,13,20,23,38,36,6
2272,2023-05-13,7,16,17,18,19,34,26,3
2271,2023-05-10,4,20,22,31,35,38,29,6
2270,2023-05-06,8,10,15,18,25,27,21,1
2269,2023-05-03,8,11,20,30,33,39,18,10
2268,2023-04-29,4,8,25,27,36,40,19,3
2267,2023-04-26,3,15,23,29,36,40,4,7
2266,2023-04-22,1,12,13,18,21,34,6,9
2265,2023-04-19,2,3,13,25,27,33,22,3
2264,2023-04-15,1,2,19,23,29,35,36,4
2263,2023-04-12,1,10,12,19,28,35,34,5
2262,2023-04-08,12,24,31,34,36,37,39,4
2261,2023-04-05,5,14,17,25,28,38,13,7
2260,2023-04-01,7,10,18,20,33,40,17,10
2259,2023-03-29,14,23,24,35,36,37,29,9
2258,2023-03-25,4,5,8,19,28,31,38,7
2257,2023-03-22,7,16,29,32,33,38,9,1
2256,2023-03-18,4,11,17,27,37,38,26,3
2255,2023-03-15,3,4,5,24,33,39,16,8
2254,2023-03-11,6,19,26,28,37,39,27,5
2253,2023-03-08,1,2,9,17,23,39,37,5
2252,2023-03-04,11,19,21,25,34,35,9,1
2251,2023-03-01,14,15,17,26,34,35,30,1
2250,2023-02-25,14,18,22,28,30,32,23,5
2249,2023-02-22,1,2,23,25,30,31,3,1
2248,2023-02-18,4,5,16,20,22,33,26,7
2247,2023-02-15,7,24,26,27,28,39,37,9
2246,2023-02-11,5,14,28,32,34,36,10,8
2245,2023-02-08,2,10,15,18,24,29,5,4
2244,2023-02-04,11,13,19,21,36,40,27,5
2243,2023-02-01,1,3,9,11,31,39,24,2
2242,2023-01-28,13,16,17,22,27,28,3,8
2241,2023-01-25,5,11,12,18,24,30,20,7
2240,2023-01-21,4,19,28,35,37,40,30,7
2239,2023-01-18,1,4,7,23,28,35,17,7
2238,2023-01-14,5,20,28,29,32,38,3,9
2237,2023-01-11,9,10,18,22,24,33,4,8
2236,2023-01-07,1,3,7,15,24,30,22,9
2235,2023-01-04,5,9,13,16,23,25,14,1
2234,2022-12-31,13,19,23,33,34,36,4,8
2233,2022-12-28,1,3,11,27,33,37,26,7
2232,2022-12-24,2,3,4,19,30,31,24,5
2231,2022-12-21,7,14,18,26,34,37,35,1
2230,2022-12-17,8,10,20,21,24,33,23,10
2229,2022-12-14,9,22,26,31,32,33,15,8
2228,2022-12-10,5,7,9,19,24,36,15,1
2227,2022-12-07,8,9,13,23,25,40,12,7
2226,2022-12-03,1,9,12,19,21,33,36,10
2225,2022-11-30,4,8,10,12,21,28,5,8
2224,2022-11-26,3,5,27,29,31,38,21,5
2223,2022-11-23,14,15,16,20,29,39,11,7
2222,2022-11-19,4,6,12,23,26,27,19,9
2221,2022-11-16,2,13,23,24,34,40,19,4
2220,2022-11-12,13,22,25,26,37,40,6,7
2219,2022-11-09,10,11,20,24,26,32,17,8
2218,2022-11-05,12,17,18,22,25,27,38,3
2217,2022-11-02,12,20,22,24,28,31,4,1
2216,2022-10-29,17,20,26,32,33,39,9,6
2215,2022-10-26,7,15,21,22,29,39,37,2
2214,2022-10-22,6,9,15,29,33,34,27,6
2213,2022-10-19,10,12,17,25,30,32,23,6
2212,2022-10-15,2,4,8,10,15,33,17,10
2211,2022-10-12,9,15,22,27,37,39,31,1
2210,2022-10-08,4,10,12,25,31,40,36,1
2209,2022-10-05,2,8,9,16,25,34,21,10
2208,2022-10-01,4,16,29,31,32,33,3,9
2207,2022-09-28,1,3,6,20,31,37,11,8
2206,2022-09-24,7,15,23,25,26,27,11,10
2205,2022-09-21,8,13,24,27,28,35,40,3
2204,2022-09-17,3,9,12,34,37,38,18,2
2203,2022-09-14,4,5,18,27,31,34,30,8
2202,2022-09-10,2,10,14,17,21,33,35,2
2201,2022-09-07,5,12,19,21,26,38,37,9
2200,2022-09-03,12,16,19,24,38,39,6,1
2199,2022-08-31,8,13,14,24,31,33,35,4
2198,2022-08-27,12,21,30,32,35,39,17,6
2197,2022-08-24,6,18,24,29,30,34,31,1
2196,2022-08-20,6,13,28,31,33,38,15,1
2195,2022-08-17,1,5,11,20,27,32,10,1
2194,2022-08-13,19,23,24,28,30,36,14,6
2193,2022-08-10,1,2,20,29,32,33,4,5
2192,2022-08-06,13,21,29,37,38,39,2,10
2191,2022-08-03,2,7,25,27,28,35,40,7
2190,2022-07-30,6,12,16,23,24,36,13,10
2189,2022-07-27,13,15,19,20,28,32,10,2
2188,2022-07-23,1,7,8,11,26,33,4,5
2187,2022-07-20,5,19,22,24,25,28,30,10
2186,2022-07-16,3,16,18,30,31,34,17,8
2185,2022-07-13,2,3,6,9,15,40,8,3
2184,2022-07-09,2,22,23,24,32,38,25,1
2183,2022-07-06,10,24,28,31,35,38,11,1
2182,2022-07-02,4,7,23,26,27,33,2,1
2181,2022-06-29,7,10,25,27,28,29,18,3
2180,2022-06-25,4,20,33,37,39,40,29,2
2179,2022-06-22,2,5,9,22,29,34,1,7
2178,2022-06-18,6,13,15,17,33,38,3,4
2177,2022-06-15,9,12,21,22,25,35,8,2
2176,2022-06-11,3,4,5,21,24,40,33,6
2175,2022-06-08,10,11,17,19,32,36,21,9
2174,2022-06-04,5,10,19,30,31,36,34,7
2173,2022-06-01,2,5,6,9,25,35,13,2
2172,2022-05-28,10,13,17,26,30,31,12,7
2171,2022-05-25,1,3,14,20,29,33,25,7
2170,2022-05-21,12,15,19,28,39,40,17,4
2169,2022-05-18,1,7,23,29,31,37,22,4
2168,2022-05-14,3,5,7,18,31,35,4,6
2167,2022-05-11,21,22,25,28,33,37,2,1
2166,2022-05-07,5,14,16,24,31,39,30,8
2165,2022-05-04,5,19,21,26,28,31,34,5
2164,2022-04-30,2,6,15,22,29,38,27,8
2163,2022-04-27,12,16,19,24,25,37,1,5
2162,2022-04-23,3,13,19,23,30,32,25,5
2161,2022-04-20,3,4,15,17,19,34,11,5
2160,2022-04-16,4,21,22,23,30,37,7,10
2159,2022-04-13,4,5,31,32,39,40,37,10
2158,2022-04-09,4,13,27,28,35,36,21,7
2157,2022-04-06,7,10,27,31,37,38,21,6
2156,2022-04-02,2,9,17,18,30,38,37,8
2155,2022-03-30,4,5,6,15,22,40,39,1
2154,2022-03-26,2,5,11,20,23,25,35,4
2153,2022-03-23,1,5,16,23,24,39,38,10
2152,2022-03-19,17,20,23,30,31,40,9,9
2151,2022-03-16,4,11,14,15,24,35,22,6
2150,2022-03-12,5,22,23,26,28,34,32,5
2149,2022-03-09,5,13,15,16,28,39,9,3
2148,2022-03-05,5,6,12,18,25,27,39,3
2147,2022-03-02,3,6,16,23,32,38,11,8
2146,2022-02-26,1,20,21,26,27,36,12,7
2145,2022-02-23,10,12,17,27,29,30,13,1
2144,2022-02-19,6,14,17,24,29,32,38,5
2143,2022-02-16,5,7,33,34,38,40,2,8
2142,2022-02-12,8,11,15,27,32,33,7,2
2141,2022-02-09,3,12,22,31,34,35,18,2
2140,2022-02-05,5,11,12,22,33,39,10,9
2139,2022-02-02,9,16,25,29,32,39,34,7
2138,2022-01-29,12,16,19,25,29,36,35,3
2137,2022-01-26,6,15,25,34,36,38,1,8
2136,2022-01-22,2,4,11,13,25,27,40,5
2135,2022-01-19,2,4,11,13,23,32,17,7
2134,2022-01-15,13,17,20,21,30,34,40,5
2133,2022-01-12,8,13,20,24,25,32,31,4
2132,2022-01-08,14,15,16,23,24,38,28,8
2131,2022-01-05,9,15,17,32,37,38,20,5
2130,2022-01-01,3,6,19,20,23,29,21,9
2129,2021-12-29,5,7,12,13,39,40,2,1
2128,2021-12-25,1,3,5,11,12,38,34,8
2127,2021-12-22,12,17,18,29,35,36,3,1
2126,2021-12-18,3,4,6,13,14,17,9,7
2125,2021-12-15,4,9,19,23,27,29,28,5
2124,2021-12-11,15,20,24,31,34,36,28,1
2123,2021-12-08,5,10,12,28,32,36,37,4
2122,2021-12-04,2,9,21,24,29,39,18,7
2121,2021-12-01,6,10,11,15,28,31,14,5
2120,2021-11-27,8,17,20,26,31,37,7,4
2119,2021-11-24,2,4,6,13,20,36,28,5
2118,2021-11-20,2,3,4,17,24,28,8,3
2117,2021-11-17,6,7,10,30,34,39,20,9
2116,2021-11-13,6,16,18,25,30,39,5,5
2115,2021-11-10,9,12,18,21,37,40,26,7
2114,2021-11-06,5,18,20,26,31,37,15,4
2113,2021-11-03,10,15,17,25,33,35,16,5
2112,2021-10-30,5,7,8,17,21,40,39,8
2111,2021-10-27,27,28,31,32,36,38,9,9
2110,2021-10-23,12,13,18,21,26,32,17,10
2109,2021-10-20,2,3,4,7,19,31,8,9
2108,2021-10-16,2,7,19,28,32,40,13,1
2107,2021-10-13,5,19,21,28,30,39,2,10
2106,2021-10-09,1,5,13,28,33,37,25,10
2105,2021-10-06,9,21,22,32,35,37,28,5
2104,2021-10-02,8,9,10,14,23,38,2,2
2103,2021-09-29,12,23,25,33,38,40,6,9
2102,2021-09-25,5,16,19,23,33,40,20,1
2101,2021-09-22,8,11,21,23,28,34,4,3
2100,2021-09-18,6,15,18,19,21,32,23,1
2099,2021-09-15,14,19,22,24,28,37,23,9
2098,2021-09-11,4,14,17,21,23,35,32,7
2097,2021-09-08,3,27,33,35,36,37,2,3
2096,2021-09-04,8,10,12,26,33,35,11,7
2095,2021-09-01,2,10,18,25,27,30,40,1
2094,2021-08-28,6,22,26,28,29,39,25,4
2093,2021-08-25,11,12,29,33,34,38,23,3
2092,2021-08-21,4,12,14,18,23,24,8,7
2091,2021-08-18,1,5,18,23,32,40,29,6
2090,2021-08-14,10,23,24,29,35,38,25,1
2089,2021-08-11,3,7,10,18,25,29,16,1
2088,2021-08-07,9,11,13,14,17,27,5,5
2087,2021-08-04,13,26,28,30,34,39,1,3
2086,2021-07-31,6,8,23,29,34,40,1,3
2085,2021-07-28,6,8,9,10,20,30,29,9
2084,2021-07-24,7,9,10,14,24,35,1,8
2083,2021-07-21,5,7,28,29,33,38,23,3
2082,2021-07-17,3,5,8,11,32,36,37,3
2081,2021-07-14,6,12,13,19,21,38,33,8
2080,2021-07-10,7,14,19,22,25,26,27,9
2079,2021-07-07,3,8,14,15,30,31,39,3
2078,2021-07-03,4,5,12,21,22,40,7,2
2077,2021-06-30,1,8,9,13,22,35,15,6
2076,2021-06-26,1,2,6,11,26,32,10,3
2075,2021-06-23,8,17,18,26,27,38,10,1
2074,2021-06-19,12,13,23,27,30,31,32,7
2073,2021-06-16,17,22,25,26,35,39,19,6
2072,2021-06-12,4,12,15,18,24,36,3,9
2071,2021-06-09,3,6,18,21,29,35,19,1
2070,2021-06-05,17,19,26,29,32,39,22,2
2069,2021-06-02,3,4,10,14,37,38,34,5
2068,2021-05-29,2,10,16,31,35,38,40,5
2067,2021-05-26,7,13,16,30,31,39,21,9
2066,2021-05-22,19,21,23,36,38,39,40,9
2065,2021-05-19,1,11,16,22,30,34,18,9
2064,2021-05-15,6,8,17,25,26,31,15,7
2063,2021-05-12,2,3,26,29,32,35,11,3
2062,2021-05-08,6,17,26,29,34,35,3,10
2061,2021-05-05,2,9,21,25,26,38,18,4
2060,2021-05-01,7,20,25,30,31,33,12,6
2059,2021-04-28,6,7,18,23,35,40,17,10
2058,2021-04-24,4,5,21,26,31,36,38,2
2057,2021-04-21,1,18,23,33,37,38,34,7
2056,2021-04-17,1,8,22,24,35,40,6,5
2055,2021-04-14,1,9,12,16,21,23,6,5
2054,2021-04-10,6,23,24,28,30,35,20,10
2053,2021-04-07,6,10,15,22,29,31,38,2
2052,2021-04-03,8,15,16,21,25,34,19,8
2051,2021-03-31,9,10,11,33,34,35,3,10
2050,2021-03-27,6,25,31,32,33,34,39,6
2049,2021-03-24,2,13,17,20,27,33,35,8
2048,2021-03-20,1,11,17,23,31,40,14,5
2047,2021-03-17,3,4,10,15,20,33,28,4
2046,2021-03-13,1,7,11,19,22,26,27,2
2045,2021-03-10,3,6,11,15,17,22,25,10
2044,2021-03-06,1,6,11,17,18,35,15,9
2043,2021-03-03,3,9,20,22,26,39,31,9
2042,2021-02-27,15,23,26,32,38,40,13,3
2041,2021-02-24,7,24,26,31,36,38,40,5
2040,2021-02-20,7,10,16,19,29,30,11,8
2039,2021-02-17,15,16,25,26,31,33,12,1
2038,2021-02-13,1,8,16,18,20,27,13,9
2037,2021-02-10,8,19,20,24,26,40,2,4
2036,2021-02-06,2,3,8,10,11,38,35,5
2035,2021-02-03,1,19,24,26,32,37,17,7
2034,2021-01-30,1,11,18,20,29,34,28,4
2033,2021-01-27,10,15,17,23,28,29,26,9
2032,2021-01-23,4,6,16,20,30,40,18,8
2031,2021-01-20,5,6,9,11,17,38,7,7
2030,2021-01-16,2,13,17,18,19,30,38,3
2029,2021-01-13,17,25,26,35,37,38,31,4
2028,2021-01-09,11,14,17,28,30,34,10,9
2027,2021-01-06,1,6,16,18,23,32,3,5
2026,2021-01-02,4,15,20,29,36,39,40,8
2025,2020-12-30,2,5,9,24,26,28,25,10
2024,2020-12-26,1,7,11,16,21,38,2,5
2023,2020-12-23,19,25,26,27,34,38,11,8
2022,2020-12-19,5,16,31,37,39,40,7,8
2021,2020-12-16,2,10,12,17,19,26,29,3
2020,2020-12-12,1,5,9,18,21,35,16,3
2019,2020-12-09,17,20,22,27,29,34,6,9
2018,2020-12-05,1,4,10,14,15,20,8,7
2017,2020-12-02,2,4,6,25,30,40,12,8
2016,2020-11-28,3,10,13,22,27,37,33,1
2015,2020-11-25,2,3,14,29,30,35,9,9
2014,2020-11-21,5,6,7,15,19,36,37,8
2013,2020-11-18,21,23,24,27,30,38,36,8
2012,2020-11-14,10,23,26,29,39,40,15,6
2011,2020-11-11,3,4,13,17,26,35,2,4
2010,2020-11-07,1,14,16,20,24,31,10,4
2009,2020-11-04,5,12,21,22,25,39,37,5
2008,2020-10-31,3,19,22,26,28,39,32,4
2007,2020-10-28,12,17,28,35,37,40,39,1
2006,2020-10-24,11,12,13,19,22,36,2,6
2005,2020-10-21,1,6,18,26,38,40,7,9
2004,2020-10-17,14,19,20,22,23,40,26,7
2003,2020-10-14,1,5,16,21,31,34,40,4
2002,2020-10-10,1,5,20,31,32,33,13,7
2001,2020-10-07,6,19,23,29,39,40,26,8
2000,2020-10-03,2,9,23,30,32,39,3,7
1999,2020-09-30,12,16,25,29,35,39,33,1
1998,2020-09-26,1,3,9,11,23,37,12,3
1997,2020-09-23,1,4,11,17,18,24,5,2
1996,2020-09-19,6,7,17,26,34,40,11,4
1995,2020-09-16,11,17,18,25,29,37,22,8
1994,2020-09-12,1,3,17,23,32,35,18,1
1993,2020-09-09,1,5,15,21,24,36,13,5
1992,2020-09-05,5,10,14,18,24,30,9,5
1991,2020-09-02,8,15,17,19,20,27,11,9
1990,2020-08-29,8,14,19,20,23,37,16,6
1989,2020-08-26,7,13,15,18,32,40,29,8
1988,2020-08-22,20,24,26,36,37,39,4,4
1987,2020-08-19,13,25,26,30,31,37,15,9
1986,2020-08-15,8,12,21,22,23,27,16,1
1985,2020-08-12,10,16,25,29,32,34,40,4
1984,2020-08-08,4,7,11,16,23,28,36,5
1983,2020-08-05,5,9,19,20,22,24,6,4
1982,2020-08-01,7,16,22,24,31,34,20,2
1981,2020-07-29,6,21,28,36,37,40,17,8
1980,2020-07-25,10,11,12,28,38,40,33,3
1979,2020-07-22,4,10,18,20,30,40,25,7
1978,2020-07-18,1,9,10,16,22,23,33,10
1977,2020-07-15,10,11,16,19,29,34,24,4
1976,2020-07-11,8,16,18,21,29,40,2,8
1975,2020-07-08,14,15,24,31,32,37,17,5
1974,2020-07-04,2,6,7,23,25,30,39,5
1973,2020-07-01,1,15,22,25,35,39,13,4
1972,2020-06-27,4,8,20,29,31,35,19,4
1971,2020-06-24,4,29,34,35,39,40,12,5
1970,2020-06-20,2,3,10,11,29,35,23,8
1969,2020-06-17,2,24,32,35,36,38,40,6
1968,2020-06-13,2,8,17,18,27,29,15,3
1967,2020-06-10,6,11,12,15,17,22,39,8
1966,2020-06-06,6,10,11,12,25,39,5,6
1965,2020-06-03,2,29,30,33,35,40,21,5
1964,2020-05-30,2,4,12,13,15,28,5,10
1963,2020-05-27,1,9,20,29,31,34,25,1
1962,2020-05-23,10,12,14,28,32,35,29,8
1961,2020-05-20,8,19,32,36,38,39,29,2
1960,2020-05-16,10,15,20,26,31,34,5,1
1959,2020-05-13,5,6,18,20,29,33,7,9
1958,2020-05-09,7,15,22,27,29,38,33,10
1957,2020-05-06,1,9,12,23,36,39,13,6
1956,2020-05-02,6,7,9,22,24,38,39,4
1955,2020-04-29,11,16,23,24,29,33,20,3
1954,2020-04-25,5,12,19,22,25,38,32,8
1953,2020-04-22,5,7,8,16,31,33,20,8
1952,2020-04-18,1,4,6,8,11,19,34,1
1951,2020-04-15,3,15,17,22,26,29,18,5
1950,2020-04-11,8,17,23,25,27,28,7,3
1949,2020-04-08,5,11,20,25,26,40,16,2
1948,2020-04-04,6,10,11,13,20,30,31,2
1947,2020-04-01,8,21,25,28,32,35,18,3
1946,2020-03-28,2,3,19,35,37,39,23,10
1945,2020-03-25,7,8,10,17,21,27,29,7
1944,2020-03-21,9,16,18,19,20,28,7,5
1943,2020-03-18,2,12,18,20,28,36,32,10
1942,2020-03-14,9,13,22,23,25,36,37,2
1941,2020-03-11,8,13,21,22,29,40,37,1
1940,2020-03-07,7,14,20,23,26,39,12,2
1939,2020-03-04,5,14,30,36,39,40,7,10
1938,2020-02-29,4,18,25,27,28,32,37,3
1937,2020-02-26,2,3,8,21,30,33,13,6
1936,2020-02-22,8,15,22,36,39,40,31,10
1935,2020-02-19,12,16,24,25,31,35,1,9
1934,2020-02-15,2,4,10,17,29,31,5,1
1933,2020-02-12,2,11,20,21,25,32,7,3
1932,2020-02-08,12,13,14,15,24,38,35,10
1931,2020-02-05,2,3,6,15,31,40,30,1
1930,2020-02-01,16,20,22,24,30,32,6,7
1929,2020-01-29,10,21,26,27,28,31,24,6
1928,2020-01-25,10,11,19,24,28,34,29,9
1927,2020-01-22,1,14,29,35,36,39,5,5
1926,2020-01-18,1,5,20,24,34,37,26,2
1925,2020-01-15,4,6,21,29,32,35,2,7
1924,2020-01-11,9,13,16,26,33,40,32,3
1923,2020-01-08,2,4,6,23,24,25,38,6
1922,2020-01-04,6,7,12,17,24,33,23,2
1921,2020-01-01,14,23,33,34,38,40,10,8
1920,2019-12-28,6,10,16,24,28,34,38,2
1919,2019-12-25,6,13,15,16,35,38,33,3
1918,2019-12-21,7,9,14,18,20,34,8,5
1917,2019-12-18,6,19,21,24,32,34,30,2
1916,2019-12-14,19,21,23,34,35,39,26,5
1915,2019-12-11,2,7,11,16,28,39,5,7
1914,2019-12-07,6,9,23,25,26,27,39,8
1913,2019-12-04,1,8,15,16,22,30,19,8
1912,2019-11-30,12,18,26,33,35,39,28,5
1911,2019-11-27,1,4,9,22,26,28,23,7
1910,2019-11-23,16,17,20,22,28,29,6,5
1909,2019-11-20,1,2,11,17,30,35,7,10
1908,2019-11-16,13,18,19,32,33,39,2,6
1907,2019-11-13,2,9,10,17,22,31,18,6
1906,2019-11-09,6,7,11,23,29,37,20,6
1905,2019-11-06,1,7,9,10,15,19,26,2
1904,2019-11-02,13,16,21,23,27,35,26,10
1903,2019-10-30,5,7,10,11,36,39,20,4
1902,2019-10-26,8,12,16,19,20,24,18,10
1901,2019-10-23,2,3,20,24,26,39,22,7
1900,2019-10-19,6,12,21,28,35,38,8,6
1899,2019-10-16,5,7,14,17,22,29,9,2
1898,2019-10-12,19,23,25,27,30,40,37,1
1897,2019-10-09,5,15,22,27,29,38,13,3
1896,2019-10-05,8,9,16,20,33,36,17,5
1895,2019-10-02,3,4,6,22,25,32,13,1
1894,2019-09-28,5,13,15,36,37,39,14,2
1893,2019-09-25,3,5,15,21,22,31,9,3
1892,2019-09-21,7,14,19,23,32,34,2,3
1891,2019-09-18,7,11,19,21,26,36,17,10
1890,2019-09-14,6,13,15,22,26,34,12,4
1889,2019-09-11,7,8,13,24,32,38,17,9
1888,2019-09-07,1,7,20,29,31,38,32,2
1887,2019-09-04,4,6,20,22,30,39,38,3
1886,2019-08-31,2,4,5,24,30,37,33,9
1885,2019-08-28,4,15,19,23,24,25,21,3
1884,2019-08-24,2,4,6,17,22,35,21,8
1883,2019-08-21,6,8,15,17,21,23,29,2
1882,2019-08-17,1,6,10,12,29,32,19,2
1881,2019-08-14,15,19,23,31,35,40,8,2
1880,2019-08-10,8,12,17,23,31,34,40,8
1879,2019-08-07,3,7,11,24,25,40,35,6
1878,2019-08-03,7,17,30,31,34,39,25,9
1877,2019-07-31,4,10,16,22,25,40,35,2
1876,2019-07-27,1,4,6,17,19,21,30,5
1875,2019-07-24,6,22,23,25,27,32,8,6
1874,2019-07-20,4,5,13,22,24,28,6,6
1873,2019-07-17,1,10,16,18,26,27,30,8
1872,2019-07-13,7,10,16,28,33,36,34,4
1871,2019-07-10,5,12,28,33,35,38,37,7
1870,2019-07-06,2,5,17,31,33,37,40,5
1869,2019-07-03,1,15,22,31,38,39,5,4
1868,2019-06-29,7,10,18,19,20,37,29,7
1867,2019-06-26,15,29,30,32,38,39,28,2
1866,2019-06-22,7,10,12,14,26,37,40,8
1865,2019-06-19,4,11,19,30,31,33,7,5
1864,2019-06-15,6,15,25,27,28,35,4,5
1863,2019-06-12,2,6,7,8,23,39,32,2
1862,2019-06-08,6,10,22,25,27,36,17,10
1861,2019-06-05,5,17,26,27,28,39,33,1
1860,2019-06-01,1,19,22,30,33,37,11,6
1859,2019-05-29,8,10,20,26,30,40,5,2
1858,2019-05-25,2,10,23,30,35,37,21,4
1857,2019-05-22,2,3,12,14,16,28,7,7
1856,2019-05-18,9,10,12,20,24,25,7,1
1855,2019-05-15,5,13,14,21,27,37,22,6
1854,2019-05-11,2,3,16,19,20,39,32,3
1853,2019-05-08,7,8,9,11,19,28,38,3
1852,2019-05-04,4,27,29,34,36,37,10,8
1851,2019-05-01,7,16,17,32,37,38,9,2
1850,2019-04-27,4,8,22,24,29,37,35,2
1849,2019-04-24,16,19,20,31,35,38,23,1
1848,2019-04-20,1,10,21,32,37,39,19,2
1847,2019-04-17,9,18,21,27,34,35,11,10
1846,2019-04-13,1,8,10,18,26,28,31,2
1845,2019-04-10,17,22,31,32,33,40,6,5
1844,2019-04-06,10,11,14,22,28,40,12,8
1843,2019-04-03,7,10,12,30,35,38,24,6
1842,2019-03-30,2,3,9,13,18,21,33,1
1841,2019-03-27,5,7,10,13,17,37,25,5
1840,2019-03-23,10,21,23,24,27,36,16,3
1839,2019-03-20,10,12,21,23,30,33,6,7
1838,2019-03-16,3,11,18,21,32,37,20,5
1837,2019-03-13,7,8,14,23,31,39,25,6
1836,2019-03-09,7,20,25,28,32,34,36,8
1835,2019-03-06,4,7,16,21,32,36,15,4
1834,2019-03-02,8,9,12,14,15,19,24,1
1833,2019-02-27,1,9,31,32,36,38,8,1
1832,2019-02-23,13,31,33,36,38,40,34,9
1831,2019-02-20,1,7,20,22,23,28,39,4
1830,2019-02-16,1,2,27,35,36,40,3,4
1829,2019-02-13,2,5,6,26,27,31,16,2
1828,2019-02-09,1,4,24,25,26,37,9,7
1827,2019-02-06,6,8,14,15,26,31,34,10
1826,2019-02-02,9,17,19,20,29,33,14,2
1825,2019-01-30,2,17,22,25,38,40,8,9
1824,2019-01-26,13,19,27,31,35,37,2,6
1823,2019-01-23,3,10,11,13,31,40,35,7
1822,2019-01-19,1,12,17,24,32,33,31,5
1821,2019-01-16,3,8,21,22,30,35,37,1
1820,2019-01-12,4,6,18,19,24,40,27,6
1819,2019-01-09,4,6,11,12,23,40,10,6
1818,2019-01-05,2,4,20,23,24,34,31,2
1817,2019-01-02,11,15,22,31,35,39,16,3
1816,2018-12-29,2,10,11,15,33,35,5,8
1815,2018-12-26,3,24,29,30,32,40,20,1
1814,2018-12-22,10,15,25,27,28,31,38,3
1813,2018-12-19,2,14,22,23,30,37,35,2
1812,2018-12-15,5,7,18,22,29,40,25,6
1811,2018-12-12,3,20,29,30,32,37,11,3
1810,2018-12-08,2,8,12,16,18,38,33,10
1809,2018-12-05,1,5,18,23,24,25,14,9
1808,2018-12-01,6,25,26,30,34,39,10,3
1807,2018-11-28,18,19,20,30,31,38,24,7
1806,2018-11-24,8,21,22,24,25,34,37,5
1805,2018-11-21,7,8,22,25,32,40,31,5
1804,2018-11-17,3,14,25,27,30,34,18,7
1803,2018-11-14,6,8,20,24,27,31,1,4
1802,2018-11-10,4,9,10,20,27,30,8,6
1801,2018-11-07,1,12,15,22,39,40,7,10
1800,2018-11-03,1,7,22,23,29,36,18,2
1799,2018-10-31,10,11,14,15,16,32,37,8
1798,2018-10-27,10,12,15,17,18,34,23,2
1797,2018-10-24,9,19,24,33,37,39,10,8
1796,2018-10-20,4,12,26,28,32,35,21,1
1795,2018-10-17,5,10,17,21,26,33,25,7
1794,2018-10-13,1,4,5,9,26,34,29,5
1793,2018-10-10,2,4,9,12,13,37,16,9
1792,2018-10-06,8,13,24,26,29,39,19,2
1791,2018-10-03,1,16,28,32,39,40,27,2
1790,2018-09-29,15,19,24,29,32,35,30,4
1789,2018-09-26,22,23,26,32,36,40,35,1
1788,2018-09-22,3,22,25,35,36,38,7,2
1787,2018-09-19,3,5,7,9,11,13,36,7
1786,2018-09-15,2,7,8,12,15,17,19,2
1785,2018-09-12,1,3,8,11,19,36,37,7
1784,2018-09-08,18,20,22,24,29,35,17,2
1783,2018-09-05,4,12,13,30,33,35,37,6
1782,2018-09-01,1,8,18,21,34,36,15,10
1781,2018-08-29,2,7,8,12,21,32,10,7
1780,2018-08-25,3,4,8,9,13,15,11,6
1779,2018-08-22,2,5,10,15,25,28,33,7
1778,2018-08-18,7,9,13,23,27,38,20,3
1777,2018-08-15,4,12,18,27,33,35,19,8
1776,2018-08-11,3,19,25,30,32,38,37,2
1775,2018-08-08,14,17,18,20,25,37,24,5
1774,2018-08-04,5,16,22,29,32,37,27,10
1773,2018-08-01,4,5,21,22,31,34,17,8
1772,2018-07-28,4,10,14,17,21,23,35,1
1771,2018-07-25,10,16,18,19,28,35,9,9
1770,2018-07-21,1,8,10,12,31,34,20,6
1769,2018-07-18,2,5,13,24,33,39,1,6
1768,2018-07-14,5,14,17,18,19,33,10,9
1767,2018-07-11,15,18,20,22,23,35,4,6
1766,2018-07-07,10,15,18,29,30,33,27,9
1765,2018-07-04,6,13,21,30,35,38,25,2
1764,2018-06-30,12,16,23,29,31,39,25,1
1763,2018-06-27,2,19,22,24,27,34,21,2
1762,2018-06-23,4,15,17,18,30,39,31,4
1761,2018-06-20,1,4,6,26,27,33,19,9
1760,2018-06-16,7,8,14,17,22,34,3,10
1759,2018-06-13,9,10,12,18,36,37,1,4
1758,2018-06-09,2,3,4,9,20,24,30,9
1757,2018-06-06,9,16,23,25,31,32,37,7
1756,2018-06-02,5,7,8,12,14,29,10,7
1755,2018-05-30,14,18,22,28,29,34,12,10
1754,2018-05-26,2,13,17,18,36,37,40,9
1753,2018-05-23,1,14,21,23,38,39,7,5
1752,2018-05-19,3,6,13,25,31,37,34,5
1751,2018-05-16,1,13,14,16,28,29,37,2
1750,2018-05-12,4,10,12,33,38,40,27,1
1749,2018-05-09,19,20,21,23,25,40,6,6
1748,2018-05-05,6,11,16,20,34,40,19,9
1747,2018-05-02,2,7,8,25,28,29,11,7
1746,2018-04-28,4,5,11,16,36,40,2,4
1745,2018-04-25,3,7,15,23,27,36,11,3
1744,2018-04-21,2,9,10,15,27,32,18,3
1743,2018-04-18,1,19,20,24,35,39,12,6
1742,2018-04-14,3,14,21,25,34,35,23,10
1741,2018-04-11,7,16,21,33,34,40,9,4
1740,2018-04-07,1,10,13,17,19,23,32,3
1739,2018-04-04,1,13,14,15,22,38,32,3
1738,2018-03-31,2,4,6,11,16,23,40,9
1737,2018-03-28,1,12,28,34,36,37,40,7
1736,2018-03-24,12,15,18,21,22,37,32,5
1735,2018-03-21,9,13,14,29,35,38,27,1
1734,2018-03-17,15,16,19,24,25,40,31,4
1733,2018-03-14,17,18,19,20,24,28,30,3
1732,2018-03-10,1,12,14,34,37,40,22,10
1731,2018-03-07,3,15,23,25,29,34,1,6
1730,2018-03-03,2,12,19,34,35,38,3,9
1729,2018-02-28,3,10,16,18,20,40,35,2
1728,2018-02-24,2,16,19,25,32,40,36,2
1727,2018-02-21,3,9,11,17,25,31,10,3
1726,2018-02-17,29,30,31,35,36,37,19,5
1725,2018-02-14,14,23,26,35,36,37,30,6
1724,2018-02-10,2,4,5,22,30,33,16,7
1723,2018-02-07,11,17,25,29,34,39,1,5
1722,2018-02-03,2,11,15,29,30,38,36,7
1721,2018-01-31,5,10,11,16,31,39,28,5
1720,2018-01-27,6,8,23,26,29,37,17,7
1719,2018-01-24,1,16,20,24,25,28,22,6
1718,2018-01-20,1,12,17,20,26,39,7,1
1717,2018-01-17,3,15,18,19,22,23,20,2
1716,2018-01-13,11,18,29,33,37,39,2,10
1715,2018-01-10,1,2,4,8,16,26,39,10
1714,2018-01-06,10,13,15,19,33,40,32,1
1713,2018-01-03,8,20,21,34,35,38,12,3
1712,2017-12-30,1,3,12,20,21,32,13,5
1711,2017-12-27,3,15,16,22,28,30,5,4
1710,2017-12-23,15,17,19,25,29,38,7,4
1709,2017-12-20,1,3,12,14,17,33,40,2
1708,2017-12-16,11,19,23,28,30,33,16,3
1707,2017-12-13,6,10,11,34,37,39,30,7
1706,2017-12-09,4,5,8,15,16,22,25,3
1705,2017-12-06,3,7,16,19,21,40,27,5
1704,2017-12-02,2,14,15,21,23,32,18,4
1703,2017-11-29,5,9,14,17,24,31,8,2
1702,2017-11-25,7,22,24,25,34,37,19,7
1701,2017-11-22,5,8,12,18,28,36,40,5
1700,2017-11-18,11,12,20,28,31,36,34,2
1699,2017-11-15,2,7,16,26,32,33,12,5
1698,2017-11-11,3,14,18,26,38,39,40,9
1697,2017-11-08,8,13,15,17,25,27,38,5
1696,2017-11-04,3,5,12,25,28,40,34,10
1695,2017-11-01,3,17,19,23,29,39,18,1
1694,2017-10-28,1,9,10,12,23,37,13,5
1693,2017-10-25,1,3,19,22,23,25,31,8
1692,2017-10-21,5,13,15,22,24,29,38,8
1691,2017-10-18,11,13,14,15,22,32,3,7
1690,2017-10-14,3,4,7,11,31,38,25,5
1689,2017-10-11,4,15,24,29,33,35,3,2
1688,2017-10-07,1,12,20,23,25,35,3,1
1687,2017-10-04,2,3,5,21,33,37,24,4
1686,2017-09-30,4,16,24,25,32,34,14,2
1685,2017-09-27,1,12,15,22,27,34,13,5
1684,2017-09-23,6,7,15,19,31,35,11,4
1683,2017-09-20,10,16,20,33,35,36,15,9
1682,2017-09-16,3,9,15,20,24,37,16,1
1681,2017-09-13,10,18,19,21,25,35,38,7
1680,2017-09-09,10,13,16,23,29,36,30,9
1679,2017-09-06,3,7,25,27,28,30,40,9
1678,2017-09-02,10,20,21,22,30,37,39,4
1677,2017-08-30,9,12,14,16,17,27,2,6
1676,2017-08-26,4,6,11,29,33,35,31,8
1675,2017-08-23,4,7,10,25,26,39,13,4
1674,2017-08-19,4,17,22,27,28,32,18,8
1673,2017-08-16,8,10,14,18,23,32,22,10
1672,2017-08-12,2,14,21,23,30,31,36,9
1671,2017-08-09,4,7,12,19,32,37,11,9
1670,2017-08-05,16,22,29,30,31,35,17,10
1669,2017-08-02,1,2,6,8,26,28,29,3
1668,2017-07-29,10,13,24,29,33,40,4,9
1667,2017-07-26,4,5,12,21,34,40,17,9
1666,2017-07-22,2,13,19,25,35,36,6,5
1665,2017-07-19,13,14,26,34,35,36,37,3
1664,2017-07-15,17,18,21,34,37,40,12,1
1663,2017-07-12,5,18,21,26,30,32,1,9
1662,2017-07-08,9,10,13,23,25,30,34,9
1661,2017-07-05,9,11,19,27,31,39,20,6
1660,2017-07-01,4,8,10,12,21,35,1,5
1659,2017-06-28,1,10,18,26,27,40,6,5
1658,2017-06-24,11,25,29,34,39,40,10,8
1657,2017-06-21,3,17,29,32,36,40,24,9
1656,2017-06-17,3,5,6,7,33,37,20,9
1655,2017-06-14,3,6,7,13,36,40,35,6
1654,2017-06-10,1,7,9,31,35,37,20,9
1653,2017-06-07,7,9,16,24,26,39,22,1
1652,2017-06-03,13,14,18,23,29,31,2,1
1651,2017-05-31,1,2,5,9,12,36,22,6
1650,2017-05-27,2,3,8,9,28,36,18,10
1649,2017-05-24,9,17,19,20,32,38,7,4
1648,2017-05-20,1,6,14,16,20,31,19,2
1647,2017-05-17,9,10,11,12,28,30,16,8
1646,2017-05-13,2,3,7,26,31,37,4,5
1645,2017-05-10,1,3,4,9,15,33,38,6
1644,2017-05-06,4,5,11,23,26,34,32,2
1643,2017-05-03,10,11,16,19,24,36,18,3
1642,2017-04-29,1,19,25,30,32,36,23,9
1641,2017-04-26,12,16,17,25,38,39,7,6
1640,2017-04-22,1,9,16,26,33,36,22,2
1639,2017-04-19,1,2,11,26,28,34,8,9
1638,2017-04-15,2,14,15,24,27,29,39,8
1637,2017-04-12,2,13,23,26,27,32,22,3
1636,2017-04-08,20,23,30,32,35,39,38,10
1635,2017-04-05,1,2,9,11,26,36,21,10
1634,2017-04-01,2,19,20,22,25,33,34,8
1633,2017-03-29,4,9,15,28,35,38,37,9
1632,2017-03-25,4,9,10,24,37,38,36,8
1631,2017-03-22,2,11,24,28,29,37,27,4
1630,2017-03-18,10,17,23,27,28,33,40,6
1629,2017-03-15,1,5,23,32,38,40,18,2
1628,2017-03-11,9,11,12,22,32,36,20,9
1627,2017-03-08,2,3,4,5,13,36,1,5
1626,2017-03-04,1,7,14,25,35,38,27,9
1625,2017-03-01,1,11,18,21,22,38,27,10
1624,2017-02-25,25,27,33,34,37,39,18,4
1623,2017-02-22,6,14,19,30,34,36,12,3
1622,2017-02-18,6,10,14,24,28,35,30,7
1621,2017-02-15,3,5,28,29,32,36,20,1
1620,2017-02-11,11,15,17,23,30,35,29,10
1619,2017-02-08,4,6,25,35,39,40,23,5
1618,2017-02-04,2,3,16,17,38,39,31,2
1617,2017-02-01,2,13,18,25,31,35,15,8
1616,2017-01-28,6,8,9,10,17,19,37,4
1615,2017-01-25,1,14,22,27,34,36,5,3
1614,2017-01-21,3,7,13,20,30,34,19,3
1613,2017-01-18,8,13,14,21,25,31,6,4
1612,2017-01-14,1,2,11,31,32,38,27,5
1611,2017-01-11,9,13,22,29,32,40,16,5
1610,2017-01-07,8,16,23,30,37,38,28,6
1609,2017-01-04,4,13,16,25,26,27,1,1
1608,2016-12-31,6,8,11,16,21,34,12,9
1607,2016-12-28,17,19,22,28,35,36,11,6
1606,2016-12-24,3,6,9,25,26,28,31,4
1605,2016-12-21,1,5,13,26,30,32,27,5
1604,2016-12-17,2,12,22,24,26,31,8,5
1603,2016-12-14,10,12,21,24,29,40,19,1
1602,2016-12-10,14,19,24,33,35,36,27,9
1601,2016-12-07,10,12,19,24,26,34,16,10
1600,2016-12-03,5,6,10,15,28,37,29,9
1599,2016-11-30,11,26,29,32,33,37,9,1
1598,2016-11-26,17,19,23,29,31,36,13,9
1597,2016-11-23,1,2,6,7,30,40,36,10
1596,2016-11-19,10,13,17,20,23,28,9,7
1595,2016-11-16,4,7,11,17,32,37,13,3
1594,2016-11-12,4,13,27,32,33,38,35,2
1593,2016-11-09,1,3,21,22,29,30,5,6
1592,2016-11-05,3,11,16,24,38,40,35,7
1591,2016-11-02,2,9,13,25,29,36,11,6
1590,2016-10-29,15,19,22,23,30,36,31,9
1589,2016-10-26,3,4,6,11,28,29,32,7
1588,2016-10-22,17,19,20,21,26,35,4,7
1587,2016-10-19,9,18,20,21,28,30,15,6
1586,2016-10-15,8,15,20,29,35,39,21,5
1585,2016-10-12,1,5,11,12,14,15,35,7
1584,2016-10-08,2,19,22,23,28,29,17,10
1583,2016-10-05,11,12,24,30,36,37,6,7
1582,2016-10-01,7,11,16,23,26,30,27,1
1581,2016-09-28,3,5,15,27,37,38,32,4
1580,2016-09-24,11,14,17,27,32,39,34,4
1579,2016-09-21,10,11,17,21,31,34,15,10
1578,2016-09-17,6,16,22,25,34,40,37,4
1577,2016-09-14,3,8,14,18,23,40,13,2
1576,2016-09-10,5,10,11,15,18,38,6,1
1575,2016-09-07,7,22,29,32,36,39,18,5
1574,2016-09-03,18,24,25,27,32,34,7,4
1573,2016-08-31,16,21,28,31,33,37,32,7
1572,2016-08-27,4,6,7,9,15,25,34,9
1571,2016-08-24,14,15,17,32,38,39,40,3
1570,2016-08-20,11,19,27,28,29,36,32,10
1569,2016-08-17,2,3,6,10,14,26,11,7
1568,2016-08-13,21,22,23,24,26,40,28,2
1567,2016-08-10,4,5,11,14,31,36,39,1
1566,2016-08-06,8,10,18,23,28,34,37,5
1565,2016-08-03,10,15,28,29,33,35,21,2
1564,2016-07-30,4,8,15,26,27,29,30,2
1563,2016-07-27,3,7,18,20,22,30,31,6
1562,2016-07-23,5,6,9,21,25,33,24,1
1561,2016-07-20,6,15,25,34,38,39,9,2
1560,2016-07-16,8,10,24,26,30,40,23,8
1559,2016-07-13,4,14,16,17,22,32,18,2
1558,2016-07-09,3,18,27,29,33,37,36,7
1557,2016-07-06,1,6,12,14,29,30,32,9
1556,2016-07-02,5,6,13,20,28,39,12,3
1555,2016-06-29,1,6,7,25,31,32,35,6
1554,2016-06-25,15,19,21,24,25,29,5,4
1553,2016-06-22,9,10,13,14,25,37,22,6
1552,2016-06-18,2,17,23,33,34,36,24,5
1551,2016-06-15,8,24,28,30,32,36,6,6
1550,2016-06-11,1,2,7,16,17,18,13,7
1549,2016-06-08,16,21,24,32,39,40,1,1
1548,2016-06-04,7,19,20,32,33,35,8,4
1547,2016-06-01,7,12,14,18,31,32,15,9
1546,2016-05-28,6,9,29,32,33,40,5,1
1545,2016-05-25,13,19,29,30,32,40,31,2
1544,2016-05-21,8,11,24,26,27,37,39,8
1543,2016-05-18,14,20,23,25,30,38,9,2
1542,2016-05-14,3,6,13,18,34,40,15,1
1541,2016-05-11,9,15,22,27,32,40,33,2
1540,2016-05-07,12,13,19,25,32,38,27,4
1539,2016-05-04,3,13,19,26,39,40,35,4
1538,2016-04-30,11,20,22,23,31,36,3,1
1537,2016-04-27,1,12,15,20,29,32,10,8
1536,2016-04-23,19,21,24,26,30,37,2,7
1535,2016-04-20,2,3,9,12,21,26,17,8
1534,2016-04-16,3,4,19,20,28,35,25,4
1533,2016-04-13,4,14,15,17,29,36,19,7
1532,2016-04-09,1,5,9,22,30,35,8,1
1531,2016-04-06,7,22,27,28,36,40,9,10
1530,2016-04-02,7,10,13,21,28,31,30,3
1529,2016-03-30,12,13,22,23,24,27,1,10
1528,2016-03-26,9,12,14,18,35,36,39,2
1527,2016-03-23,6,12,16,18,31,37,10,7
1526,2016-03-19,1,5,7,12,24,38,17,1
1525,2016-03-16,8,9,18,23,37,39,11,5
1524,2016-03-12,7,9,12,15,21,25,8,2
1523,2016-03-09,9,15,16,17,18,28,21,4
1522,2016-03-05,1,5,8,17,29,35,24,1
1521,2016-03-02,5,11,21,22,26,35,6,9
1520,2016-02-27,14,15,18,22,30,33,19,1
1519,2016-02-24,2,5,17,19,20,29,24,5
1518,2016-02-20,5,11,20,22,31,33,24,6
1517,2016-02-17,3,10,20,24,30,33,25,9
1516,2016-02-13,3,7,8,9,17,35,10,9
1515,2016-02-10,11,12,13,17,18,19,7,5
1514,2016-02-06,8,28,30,34,36,37,14,4
1513,2016-02-03,5,10,11,14,15,18,37,7
1512,2016-01-30,10,14,21,28,29,37,30,5
1511,2016-01-27,6,7,11,13,32,34,30,1
1510,2016-01-23,2,7,14,16,17,25,20,10
1509,2016-01-20,4,12,17,24,28,34,16,10
1508,2016-01-16,5,26,33,34,38,40,24,2
1507,2016-01-13,3,15,22,28,35,39,29,3
1506,2016-01-09,3,8,21,30,31,37,24,8
1505,2016-01-06,9,13,27,28,29,40,1,4
1504,2016-01-02,1,5,22,24,30,32,11,8
1503,2015-12-30,11,19,24,27,36,40,18,2
1502,2015-12-26,4,7,16,27,36,38,1,7
1501,2015-12-23,1,2,7,13,23,28,10,6
1500,2015-12-19,13,14,17,18,20,31,16,1
1499,2015-12-16,4,5,14,18,19,21,26,4
1498,2015-12-12,1,16,23,25,27,33,3,6
1497,2015-12-09,11,13,23,30,34,38,18,4
1496,2015-12-05,2,9,12,15,23,25,34,8
1495,2015-12-02,5,14,15,18,21,27,4,8
1494,2015-11-28,7,13,17,19,27,29,4,4
1493,2015-11-25,12,24,25,27,36,39,2,7
1492,2015-11-21,6,15,19,31,35,40,23,3
1491,2015-11-18,17,18,19,20,22,40,13,7
1490,2015-11-14,3,5,9,10,15,40,24,2
1489,2015-11-11,8,12,21,23,29,35,16,6
1488,2015-11-07,13,14,16,19,21,39,24,4
1487,2015-11-04,10,14,17,18,37,38,11,2
1486,2015-10-31,4,9,20,24,26,37,7,8
1485,2015-10-28,14,15,23,24,28,33,3,7
1484,2015-10-24,7,12,20,31,34,39,14,5
1483,2015-10-21,2,12,13,16,23,31,15,5
1482,2015-10-17,1,6,12,24,26,34,33,3
1481,2015-10-14,9,15,19,21,26,30,11,5
1480,2015-10-10,12,16,23,27,28,30,17,3
1479,2015-10-07,3,7,14,23,28,31,18,10
1478,2015-10-03,1,17,22,23,26,38,29,8
1477,2015-09-26,1,18,22,23,26,34,13,5
1476,2015-09-19,1,14,15,27,33,39,25,3
1475,2015-09-12,16,17,19,24,34,35,3,1
1474,2015-09-05,1,11,19,31,35,40,2,6
1473,2015-08-29,3,17,31,34,37,39,5,4
1472,2015-08-22,1,3,8,20,26,38,15,1
1471,2015-08-15,4,12,22,26,35,40,8,2
1470,2015-08-08,2,13,18,22,26,39,38,4
1469,2015-08-01,6,8,18,19,20,35,4,7
1468,2015-07-25,9,15,18,22,36,39,34,5
1467,2015-07-18,12,18,19,26,35,37,15,2
1466,2015-07-11,8,11,15,17,31,36,32,6
1465,2015-07-04,3,7,10,16,18,38,5,3
1464,2015-06-27,8,9,13,18,25,33,22,3
1463,2015-06-20,15,18,21,36,37,40,38,6
1462,2015-06-13,9,12,17,20,35,38,34,6
1461,2015-06-06,1,10,19,29,32,37,16,5
1460,2015-05-30,8,10,14,17,33,34,9,10
1459,2015-05-23,1,3,9,34,36,37,40,2
1458,2015-05-16,1,3,5,31,32,38,17,2
1457,2015-05-09,9,22,25,32,33,35,14,10
1456,2015-05-02,8,13,27,32,36,37,24,7
1455,2015-04-25,10,14,15,20,25,37,4,7
1454,2015-04-18,6,15,18,21,23,37,10,9
1453,2015-04-11,3,4,19,21,26,33,20,4
1452,2015-04-04,1,2,7,9,17,32,15,8
1451,2015-03-28,4,9,14,15,27,33,28,7
1450,2015-03-21,5,8,14,17,20,33,18,4
1449,2015-03-14,12,13,18,26,34,40,37,6
1448,2015-03-07,1,2,6,24,26,30,15,3
1447,2015-02-28,5,6,25,30,31,40,17,1
1446,2015-02-21,6,18,21,26,31,39,23,6
1445,2015-02-14,1,5,16,20,30,34,21,9
1444,2015-02-07,13,14,17,18,39,40,37,6
1443,2015-01-31,8,15,16,28,31,32,30,6
1442,2015-01-24,8,19,22,24,27,28,3,4
1441,2015-01-17,15,19,30,32,35,40,18,6
1440,2015-01-10,2,15,19,27,37,39,26,10
1439,2015-01-03,4,6,17,27,31,32,11,9
1438,2014-12-27,9,10,15,19,24,28,37,8
1437,2014-12-20,5,20,22,29,33,37,35,1
1436,2014-12-13,8,18,21,28,33,38,1,5
1435,2014-12-06,11,14,19,21,23,26,34,8
1434,2014-11-29,1,2,5,23,28,39,19,4
1433,2014-11-22,3,17,23,28,34,37,10,3
1432,2014-11-15,16,23,27,28,34,40,2,4
1431,2014-11-08,9,24,25,35,36,39,32,2
1430,2014-11-01,3,12,14,26,32,37,10,6
1429,2014-10-25,2,9,19,28,31,35,7,4
1428,2014-10-18,2,15,27,32,36,40,37,8
1427,2014-10-11,4,10,20,24,25,39,40,10
1426,2014-10-04,2,11,17,19,26,28,34,10
1425,2014-09-27,15,19,20,28,38,40,17,8
1424,2014-09-20,3,22,26,30,33,37,10,2
1423,2014-09-13,5,7,14,19,21,27,23,1
1422,2014-09-06,3,4,14,17,35,38,21,1
1421,2014-08-30,10,15,17,19,35,39,37,6
1420,2014-08-23,4,16,20,25,29,37,27,10
1419,2014-08-16,2,10,24,26,29,33,28,9
1418,2014-08-09,7,14,17,18,25,30,33,10
1417,2014-08-02,4,20,22,34,36,37,33,2
1416,2014-07-26,13,14,27,31,38,40,6,2
1415,2014-07-19,6,8,11,16,29,33,28,7
1414,2014-07-12,14,21,30,31,36,37,40,4
1413,2014-07-05,2,9,10,12,18,23,7,2
1412,2014-06-28,1,2,3,14,36,38,15,1
1411,2014-06-21,2,3,14,17,18,35,7,7
1410,2014-06-14,4,8,11,20,39,40,9,7
1409,2014-06-07,2,4,7,27,32,33,5,3
1408,2014-05-31,7,26,27,32,34,35,19,7
1407,2014-05-24,10,14,16,22,24,35,6,8
1406,2014-05-17,6,19,23,26,36,40,31,10
1405,2014-05-10,3,4,5,9,24,35,13,10
1404,2014-05-03,11,20,22,34,36,38,31,6
1403,2014-04-26,12,17,18,25,29,31,32,2
1402,2014-04-19,3,19,26,28,30,37,10,8
1401,2014-04-12,7,10,22,24,29,38,36,9
1400,2014-04-05,11,13,16,20,31,33,26,3
1399,2014-03-29,4,10,13,19,21,24,31,6
1398,2014-03-22,12,16,18,34,35,39,33,3
1397,2014-03-15,2,6,11,19,22,36,37,10
1396,2014-03-08,3,6,8,18,28,35,23,10
1395,2014-03-01,1,9,13,20,31,33,38,5
1394,2014-02-22,9,22,24,27,34,40,23,6
1393,2014-02-15,8,9,17,19,24,28,10,3
1392,2014-02-08,16,17,20,35,37,39,7,9
1391,2014-02-01,15,20,27,30,38,39,14,10
1390,2014-01-25,10,26,28,37,38,39,13,1
1389,2014-01-18,14,18,23,29,35,37,11,6
1388,2014-01-11,10,12,22,30,31,39,2,2
1387,2014-01-04,12,14,16,24,26,37,6,5
1386,2013-12-28,6,15,16,18,20,34,9,8
1385,2013-12-21,4,7,12,19,20,25,15,3
1384,2013-12-14,5,15,20,32,33,39,17,10
1383,2013-12-07,3,11,21,25,26,31,17,4
1382,2013-11-30,1,4,11,17,31,37,27,7
1381,2013-11-23,14,26,28,30,37,40,23,1
1380,2013-11-16,4,8,9,18,25,28,5,4
1379,2013-11-09,6,9,18,28,30,39,11,8
1378,2013-11-02,1,5,12,15,21,29,4,5
1377,2013-10-26,4,15,19,27,32,33,38,2
1376,2013-10-19,2,14,27,29,34,40,5,2
1375,2013-10-12,6,8,30,32,37,39,16,2
1374,2013-10-05,1,13,19,20,28,37,22,3
1373,2013-09-28,1,21,29,33,39,40,8,4
1372,2013-09-21,6,8,17,18,21,26,10,5
1371,2013-09-14,2,5,11,19,30,31,23,7
1370,2013-09-07,2,4,24,32,33,38,15,4
1369,2013-08-31,6,12,17,20,25,28,10,2
1368,2013-08-24,4,7,19,27,36,40,1,1
1367,2013-08-17,1,11,16,23,29,34,7,3
1366,2013-08-10,5,21,23,27,30,38,36,2
1365,2013-08-03,4,6,9,15,23,29,7,3
1364,2013-07-27,1,2,24,32,36,37,14,1
1363,2013-07-20,1,6,10,20,21,36,32,3
1362,2013-07-13,3,5,13,19,22,32,15,3
1361,2013-07-06,13,14,19,25,34,38,8,1
1360,2013-06-29,3,10,16,17,20,38,32,8
1359,2013-06-22,2,7,14,23,30,33,5,8
1358,2013-06-15,12,26,31,33,36,39,17,8
1357,2013-06-08,6,7,19,29,32,37,27,8
1356,2013-06-01,8,11,13,22,23,36,15,2
1355,2013-05-25,2,4,9,17,19,27,31,5
1354,2013-05-18,3,8,22,33,35,36,37,5
1353,2013-05-11,12,16,18,19,29,39,37,5
1352,2013-05-04,15,24,26,27,38,40,2,2
1351,2013-04-27,9,13,17,18,23,35,39,2
1350,2013-04-20,15,29,31,34,39,40,16,10
1349,2013-04-13,6,7,16,24,37,38,20,8
1348,2013-04-06,13,16,25,29,33,38,18,8
1347,2013-03-30,6,10,11,26,36,38,33,3
1346,2013-03-23,1,16,18,29,30,32,25,5
1345,2013-03-16,3,11,13,15,16,26,5,8
1344,2013-03-09,7,10,11,37,39,40,24,8
1343,2013-03-02,8,11,12,18,33,37,13,4
1342,2013-02-23,13,21,28,29,38,40,30,1
1341,2013-02-16,2,6,25,32,35,36,15,2
1340,2013-02-09,4,9,17,19,20,28,21,7
1339,2013-02-02,5,6,13,19,24,39,26,5
1338,2013-01-26,1,2,12,27,29,31,16,2
1337,2013-01-19,5,19,21,32,36,39,9,8
1336,2013-01-12,1,2,3,7,8,30,14,5
1335,2013-01-05,1,3,8,14,26,30,34,10
1334,2012-12-29,3,6,7,25,26,29,8,4
1333,2012-12-22,6,8,13,14,19,31,2,2
1332,2012-12-15,6,12,23,24,25,36,33,7
1331,2012-12-08,9,13,18,21,24,27,26,8
1330,2012-12-01,8,10,14,15,21,39,20,4
1329,2012-11-24,3,4,18,19,34,35,21,9
1328,2012-11-17,1,17,18,22,28,32,38,10
1327,2012-11-10,18,22,31,32,33,36,26,10
1326,2012-11-03,1,2,15,21,35,36,20,8
1325,2012-10-27,14,15,29,33,36,39,38,8
1324,2012-10-20,2,11,12,14,27,31,13,10
1323,2012-10-13,1,7,29,30,31,40,20,2
1322,2012-10-06,9,15,19,22,23,30,8,5
1321,2012-09-29,6,9,13,30,34,35,17,6
1320,2012-09-22,9,12,17,19,21,35,1,8
1319,2012-09-15,1,3,14,16,36,38,8,7
1318,2012-09-08,7,16,31,38,39,40,28,2
1317,2012-09-01,1,5,15,26,33,35,24,2
1316,2012-08-25,8,13,17,18,27,39,20,7
1315,2012-08-18,10,13,21,23,27,35,5,2
1314,2012-08-11,2,4,15,20,26,31,22,3
1313,2012-08-04,10,12,13,24,29,38,26,9
1312,2012-07-28,2,7,8,9,18,25,36,1
1311,2012-07-21,1,13,15,17,26,31,40,8
1310,2012-07-14,4,7,11,12,15,34,2,2
1309,2012-07-07,8,11,21,27,39,40,20,7
1308,2012-06-30,2,9,10,14,22,24,40,9
1307,2012-06-23,25,26,28,29,30,32,5,4
1306,2012-06-16,9,18,20,27,33,39,6,2
1305,2012-06-09,5,6,7,10,17,24,40,2
1304,2012-06-02,10,11,15,21,24,33,30,6
1303,2012-05-26,8,10,12,20,21,39,26,1
1302,2012-05-19,13,16,18,32,36,37,17,4
1301,2012-05-12,2,13,16,24,35,36,19,8
1300,2012-05-05,7,28,31,34,35,38,33,9
1299,2012-04-28,1,4,12,13,20,24,22,9
1298,2012-04-21,7,11,12,13,15,16,30,3
1297,2012-04-14,13,17,23,27,31,33,25,8
1296,2012-04-07,5,21,24,27,30,35,14,1
1295,2012-03-31,4,5,21,24,35,40,37,7
1294,2012-03-24,2,9,14,19,22,33,10,2
1293,2012-03-17,4,5,11,18,33,40,23,2
1292,2012-03-10,8,11,15,24,35,39,38,4
1291,2012-03-03,3,8,23,31,39,40,22,7
1290,2012-02-25,3,7,9,20,27,40,37,1
1289,2012-02-18,7,13,22,27,34,36,30,7
1288,2012-02-11,2,7,9,17,21,33,29,3
1287,2012-02-04,21,23,26,33,34,38,35,1
1286,2012-01-28,6,8,16,33,35,40,26,5
1285,2012-01-21,1,4,7,13,20,38,39,7
1284,2012-01-14,1,3,5,16,19,34,9,9
1283,2012-01-07,8,10,12,35,36,40,14,10
1282,2011-12-31,4,10,13,27,36,39,26,9
1281,2011-12-24,7,15,18,26,32,34,12,3
1280,2011-12-17,9,13,19,23,31,40,24,3
1279,2011-12-10,13,14,27,30,36,37,28,3
1278,2011-12-03,4,15,18,21,32,33,26,5
1277,2011-11-26,3,8,17,23,33,38,40,8
1276,2011-11-19,13,15,25,26,30,31,6,9
1275,2011-11-12,1,2,5,6,8,18,31,6
1274,2011-11-05,2,5,21,31,35,38,29,6
1273,2011-10-29,1,15,16,21,26,34,2,9
1272,2011-10-22,6,10,12,24,35,40,9,7
1271,2011-10-15,12,13,26,31,32,34,7,2
1270,2011-10-08,17,23,25,28,39,40,15,10
1269,2011-10-01,4,6,7,21,33,40,5,9
1268,2011-09-24,3,11,13,14,21,36,1,9
1267,2011-09-17,6,12,15,26,27,34,3,2
1266,2011-09-10,5,8,12,22,27,39,32,4
1265,2011-09-03,1,7,16,19,26,37,28,5
1264,2011-08-27,23,25,31,32,37,38,13,3
1263,2011-08-20,2,4,15,28,29,30,19,3
1262,2011-08-13,9,19,24,35,39,40,12,6
1261,2011-08-06,1,13,14,22,26,36,7,5
1260,2011-07-30,5,16,25,26,27,39,17,10
1259,2011-07-23,6,8,10,23,33,39,2,1
1258,2011-07-16,6,17,22,23,25,35,7,3
1257,2011-07-09,15,18,20,32,37,39,31,9
1256,2011-07-02,1,2,19,28,30,36,27,10
1255,2011-06-25,3,17,18,26,34,39,25,2
1254,2011-06-18,15,16,21,25,30,32,13,5
1253,2011-06-11,1,2,7,27,28,40,31,1
1252,2011-06-04,2,20,22,25,26,38,12,3
1251,2011-05-28,7,9,21,26,27,33,4,3
1250,2011-05-21,7,12,15,22,27,31,11,8
1249,2011-05-14,6,12,20,28,30,34,33,2
1248,2011-05-07,24,27,28,30,36,37,20,2
1247,2011-04-30,4,5,8,20,28,37,36,1
1246,2011-04-23,13,16,18,23,27,31,6,10
1245,2011-04-16,4,8,17,24,38,39,15,10
1244,2011-04-09,3,5,8,18,20,35,10,3
1243,2011-04-02,8,13,25,28,31,34,21,8
1242,2011-03-26,3,10,13,19,22,33,38,5
1241,2011-03-19,1,18,21,24,29,40,35,6
1240,2011-03-12,1,9,10,19,33,38,23,2
1239,2011-03-05,1,8,23,25,31,40,28,10
1238,2011-02-26,4,6,12,17,27,32,25,9
1237,2011-02-19,2,15,17,27,32,37,13,6
1236,2011-02-12,7,27,29,36,37,38,19,4
1235,2011-02-05,5,6,13,31,33,36,40,2
1234,2011-01-29,1,2,5,12,22,29,9,1
1233,2011-01-22,13,18,19,30,33,34,40,4
1232,2011-01-15,1,2,10,15,32,36,35,10
1231,2011-01-08,5,10,16,20,36,37,30,10
1230,2011-01-01,5,10,13,29,34,37,7,8
1229,2010-12-25,3,6,10,12,22,25,28,5
1228,2010-12-18,1,19,26,28,38,39,27,4
1227,2010-12-11,2,3,11,13,16,26,8,8
1226,2010-12-04,1,14,19,21,32,34,30,10
1225,2010-11-27,1,7,8,32,36,38,21,3
1224,2010-11-20,6,9,12,17,23,30,3,8
1223,2010-11-13,6,15,19,28,33,35,36,10
1222,2010-11-06,11,20,28,31,32,38,10,1
1221,2010-10-30,2,7,16,21,25,28,13,2
1220,2010-10-23,4,23,27,34,37,40,13,10
1219,2010-10-16,9,14,15,31,35,38,29,10
1218,2010-10-09,1,6,22,28,35,38,32,9
1217,2010-10-02,5,13,30,34,37,40,38,2
1216,2010-09-25,4,5,11,14,27,32,1,10
1215,2010-09-18,9,12,19,23,32,37,4,4
1214,2010-09-11,1,2,5,31,34,39,25,2
1213,2010-09-04,16,18,31,35,36,39,37,3
1212,2010-08-28,3,7,11,26,38,40,12,6
1211,2010-08-21,10,13,17,22,23,33,25,4
1210,2010-08-14,2,11,13,23,29,30,18,5
1209,2010-08-07,4,18,24,28,34,35,14,6
1208,2010-07-31,1,8,22,26,28,38,9,3
1207,2010-07-24,1,11,12,22,32,36,35,6
1206,2010-07-17,5,8,10,24,28,35,36,6
1205,2010-07-10,2,10,11,18,22,25,16,5
1204,2010-07-03,1,6,17,21,24,34,40,10
1203,2010-06-26,5,7,8,11,28,35,25,8
1202,2010-06-19,14,18,30,33,36,37,29,3
1201,2010-06-12,10,12,30,32,36,38,21,2
1200,2010-06-05,7,11,16,20,25,30,34,6
1199,2010-05-29,1,10,12,21,27,31,9,3
1198,2010-05-22,1,4,14,18,25,36,30,8
1197,2010-05-15,16,19,23,26,27,32,25,10
1196,2010-05-08,10,11,14,18,22,31,21,2
1195,2010-05-01,4,8,16,20,31,38,11,5
1194,2010-04-24,1,16,18,30,33,40,23,8
1193,2010-04-17,3,9,29,30,35,39,19,4
1192,2010-04-10,3,5,6,21,27,38,28,1
1191,2010-04-03,7,13,14,16,17,36,28,8
1190,2010-03-27,7,12,15,27,37,39,23,3
1189,2010-03-20,19,23,25,30,31,32,6,6
1188,2010-03-13,4,7,12,14,15,16,22,6
1187,2010-03-06,5,11,26,30,37,39,14,5
1186,2010-02-27,9,14,16,20,36,40,34,4
1185,2010-02-20,11,15,21,24,37,38,36,4
1184,2010-02-13,14,25,29,33,35,38,40,9
1183,2010-02-06,11,14,15,19,23,36,39,5
1182,2010-01-30,3,8,11,13,19,36,29,7
1181,2010-01-23,3,4,28,30,34,39,13,5
1180,2010-01-16,3,6,11,18,22,29,20,6
1179,2010-01-09,16,21,30,32,37,40,12,8
1178,2010-01-02,13,21,23,25,34,39,9,4
1177,2009-12-26,1,3,18,22,27,40,23,3
1176,2009-12-19,1,5,13,26,30,39,18,2
1175,2009-12-12,1,4,6,8,21,23,25,7
1174,2009-12-05,2,4,15,30,32,38,22,7
1173,2009-11-28,5,14,15,20,22,32,7,3
1172,2009-11-21,12,18,22,25,36,39,37,4
1171,2009-11-14,2,5,8,24,28,30,32,5
1170,2009-11-07,5,13,18,32,37,40,23,5
1169,2009-10-31,9,10,13,28,30,34,21,5
1168,2009-10-24,2,8,15,21,31,35,13,5
1167,2009-10-17,12,16,21,29,33,37,3,6
1166,2009-10-10,13,26,29,31,33,35,38,2
1165,2009-10-03,1,13,15,25,27,31,16,9
1164,2009-09-26,8,13,19,22,33,36,29,5
1163,2009-09-19,4,13,18,24,25,37,3,3
1162,2009-09-12,4,10,11,25,31,40,2,7
1161,2009-09-05,1,7,13,15,22,31,14,7
1160,2009-08-29,8,10,20,21,22,23,28,4
1159,2009-08-22,13,18,19,35,39,40,8,9
1158,2009-08-15,2,3,17,27,39,40,22,1
1157,2009-08-08,12,19,23,24,31,35,8,5
1156,2009-08-01,12,13,19,26,35,40,2,2
1155,2009-07-25,5,15,16,19,20,23,27,2
1154,2009-07-18,4,16,29,32,38,40,36,6
1153,2009-07-11,9,12,24,32,36,37,22,2
1152,2009-07-04,2,7,9,12,17,26,31,8
1151,2009-06-27,1,14,15,30,32,40,9,9
1150,2009-06-20,10,13,19,22,34,38,7,2
1149,2009-06-13,1,17,21,22,31,32,2,10
1148,2009-06-06,7,16,18,33,39,40,2,1
1147,2009-05-30,14,15,24,30,31,37,25,6
1146,2009-05-23,7,12,14,17,22,34,15,10
1145,2009-05-16,1,5,11,15,18,21,33,4
1144,2009-05-09,1,12,14,19,20,23,36,1
1143,2009-05-02,3,15,21,31,33,40,1,6
1142,2009-04-25,6,11,30,33,37,38,5,2
1141,2009-04-18,11,14,16,25,33,38,29,1
1140,2009-04-11,16,20,24,26,35,37,9,8
1139,2009-04-04,8,9,10,17,22,36,34,3
1138,2009-03-28,3,11,17,23,26,39,36,1
1137,2009-03-21,3,7,20,24,36,40,18,8
1136,2009-03-14,1,8,12,15,18,22,20,4
1135,2009-03-07,13,15,18,24,32,38,26,1
1134,2009-02-28,4,5,7,23,30,34,15,5
1133,2009-02-21,5,11,12,19,26,31,30,2
1132,2009-02-14,6,16,28,33,36,37,34,7
1131,2009-02-07,5,10,18,21,25,28,1,2
1130,2009-01-31,3,13,19,21,31,37,36,9
1129,2009-01-24,3,17,19,20,24,29,35,1
1128,2009-01-17,11,16,17,25,33,37,21,2
1127,2009-01-10,7,10,18,22,31,32,9,6
1126,2009-01-03,5,10,18,21,26,30,22,4
1125,2008-12-27,2,9,16,22,27,36,5,2
1124,2008-12-20,4,25,26,27,35,38,30,4
1123,2008-12-13,3,18,24,28,31,38,23,2
1122,2008-12-06,10,18,19,22,39,40,21,3
1121,2008-11-29,2,12,13,16,23,33,5,6
1120,2008-11-22,13,16,27,29,30,38,11,3
1119,2008-11-15,6,9,10,14,26,40,37,2
1118,2008-11-08,1,19,22,29,30,37,23,1
1117,2008-11-01,6,14,15,18,23,37,30,6
1116,2008-10-25,1,6,15,19,22,39,35,3
1115,2008-10-18,2,5,16,22,31,40,28,2
1114,2008-10-11,4,8,17,24,27,35,10,8
1113,2008-10-04,8,10,11,26,32,39,36,8
1112,2008-09-27,6,11,26,29,34,37,20,6
1111,2008-09-20,3,6,10,11,15,16,27,3
1110,2008-09-13,2,15,17,20,27,28,39,8
1109,2008-09-06,7,19,25,31,35,38,24,1
1108,2008-08-30,3,4,23,26,35,36,34,4
1107,2008-08-23,5,6,22,23,24,30,13,6
1106,2008-08-16,4,6,7,19,25,35,21,3
1105,2008-08-09,4,7,8,35,37,38,34,2
1104,2008-08-02,2,5,17,18,34,40,32,5
1103,2008-07-26,4,7,17,24,32,35,16,10
1102,2008-07-19,15,17,21,30,38,40,18,2
1101,2008-07-12,9,14,16,17,26,28,7,2
1100,2008-07-05,2,10,18,23,30,38,3,6
1099,2008-06-28,7,17,29,30,36,37,19,5
1098,2008-06-21,11,12,21,26,36,37,9,10
1097,2008-06-14,26,28,33,35,37,40,15,9
1096,2008-06-07,12,22,23,31,32,34,13,10
1095,2008-05-31,8,14,23,30,31,39,9,8
1094,2008-05-24,1,9,10,23,25,34,2,6
1093,2008-05-17,3,10,14,27,35,38,34,1
1092,2008-05-10,9,15,17,30,36,39,7,9
1091,2008-05-03,14,25,29,32,33,38,40,7
1090,2008-04-26,10,16,22,28,35,40,13,8
1089,2008-04-19,3,5,11,16,24,28,14,6
1088,2008-04-12,11,12,16,23,29,31,30,8
1087,2008-04-05,7,17,19,27,33,36,11,5
1086,2008-03-29,5,13,16,28,38,40,25,4
1085,2008-03-22,21,22,23,26,30,32,37,6
1084,2008-03-15,3,16,17,23,25,40,39,6
1083,2008-03-08,6,12,17,18,35,39,4,9
1082,2008-03-01,4,12,29,31,32,35,9,4
1081,2008-02-23,4,13,27,32,36,38,8,1
1080,2008-02-16,3,9,14,15,23,40,33,8
1079,2008-02-09,14,16,19,36,39,40,1,7
1078,2008-02-02,2,4,12,22,32,38,20,8
1077,2008-01-26,10,15,19,22,34,40,17,4
1076,2008-01-19,8,10,12,26,36,38,21,5
1075,2008-01-12,5,14,16,19,22,40,33,9
1074,2008-01-05,3,8,14,18,21,36,35,3
